<?xml version="1.0"?>
<doc>
    <assembly>
        <name>KalyanamMatrimony</name>
    </assembly>
    <members>
        <member name="T:KalyanamMatrimony.Models.License">
            <summary>
            
            </summary>
        </member>
        <member name="T:KalyanamMatrimony.Models.RedirectingActionAttribute">
            <summary>
            Dont use this attribute in all controllers else there is a chance of infinite loop
            Use it only in ProfileController, HomeController, AdminController
            </summary>
        </member>
    </members>
</doc>
